"unit_id","period","treated","y"
1,-5,1,-3.76643389952161
1,-4,1,-2.54945693529012
1,-3,1,-1.83750893688233
1,-2,1,-0.498396472333735
1,-1,1,-2.53853278545984
1,0,1,-1.63773653236764
1,1,1,1.63338210288195
1,2,1,1.32712472366791
1,3,1,1.65419940904517
1,4,1,1.22413522847472
2,-5,1,-2.73262870849667
2,-4,1,-0.197310633796225
2,-3,1,-1.36204689905279
2,-2,1,-0.998095478298407
2,-1,1,1.24640007900972
2,0,1,1.31271970425926
2,1,1,1.78805835727166
2,2,1,2.7703079238201
2,3,1,3.95666046160296
2,4,1,4.77891561945904
3,-5,1,0.081665323692613
3,-4,1,0.551038620978459
3,-3,1,0.689595154225402
3,-2,1,0.496737454211608
3,-1,1,-0.0266385966208422
3,0,1,3.28395736070154
3,1,1,1.1650993307457
3,2,1,3.88899146156019
3,3,1,5.61291692565821
3,4,1,5.04838480732298
4,-5,1,-1.83158509464556
4,-4,1,-0.336622075300664
4,-3,1,-1.46771360506497
4,-2,1,0.915314149385158
4,-1,1,-1.44910531246527
4,0,1,0.868862295256255
4,1,1,1.78051873355783
4,2,1,2.47104500082421
4,3,1,1.23054878524983
4,4,1,4.03630139300053
5,-5,1,-7.16622730421984
5,-4,1,-6.04828444852462
5,-3,1,-5.50886243801382
5,-2,1,-5.76136612502854
5,-1,1,-6.36115463748046
5,0,1,-2.66427056375091
5,1,1,-2.26185407402814
5,2,1,-3.99769753355781
5,3,1,-2.54148558080367
5,4,1,-0.550486393625819
6,-5,1,-1.04434266456988
6,-4,1,-0.760375026212411
6,-3,1,-1.08267523216323
6,-2,1,-0.986047971349825
6,-1,1,-0.352532922729601
6,0,1,0.918263781327006
6,1,1,3.20331643639048
6,2,1,2.61369555680529
6,3,1,3.04010164344287
6,4,1,2.07298461130886
7,-5,1,-5.96253911121617
7,-4,1,-3.68173414096186
7,-3,1,-2.2326505093247
7,-2,1,-3.56042863152255
7,-1,1,-2.19336375257742
7,0,1,-1.31600584828995
7,1,1,-0.738696672678321
7,2,1,0.8966805691776
7,3,1,2.05574673309543
7,4,1,2.5312602762452
8,-5,1,-4.21211043885779
8,-4,1,-2.70124409597385
8,-3,1,-1.17105840069326
8,-2,1,-1.79681576811821
8,-1,1,-1.7081353480102
8,0,1,0.471269199219912
8,1,1,1.28601931182645
8,2,1,2.46188234187985
8,3,1,3.2318194335696
8,4,1,2.78136808682099
9,-5,1,-1.96545169062804
9,-4,1,-2.73632352968528
9,-3,1,-2.39468370999982
9,-2,1,-0.536165388287651
9,-1,1,-2.59518541260935
9,0,1,0.00354689875864067
9,1,1,1.79449504139927
9,2,1,2.08072509550536
9,3,1,1.19878620481432
9,4,1,1.37772776093259
10,-5,1,-7.16211992139616
10,-4,1,-5.30204264350076
10,-3,1,-5.31622972952176
10,-2,1,-5.18235276602334
10,-1,1,-3.62025844547438
10,0,1,-3.80112791942177
10,1,1,-2.49254536378784
10,2,1,-1.29592916927963
10,3,1,-0.992967065944425
10,4,1,-0.745536629584091
11,-5,1,-3.25158235212076
11,-4,1,-3.19798164477993
11,-3,1,-3.45116216132847
11,-2,1,-1.40052939934578
11,-1,1,-0.982275526155842
11,0,1,-0.769208560563844
11,1,1,-0.928311889438362
11,2,1,1.3218316802567
11,3,1,2.74708310629333
11,4,1,2.09144452067919
12,-5,1,-2.04414326171211
12,-4,1,-1.3404403983802
12,-3,1,-2.02707306167643
12,-2,1,-0.389712770462796
12,-1,1,0.281913837668155
12,0,1,3.06574369462593
12,1,1,1.66487840955599
12,2,1,2.73808776205877
12,3,1,4.39425170061001
12,4,1,4.65058941127171
13,-5,1,-4.44995273290471
13,-4,1,-4.86221548017451
13,-3,1,-4.68239293989038
13,-2,1,-3.52226066782892
13,-1,1,-2.46572837169392
13,0,1,-2.38630579861145
13,1,1,-0.904075013966283
13,2,1,0.0912917156997792
13,3,1,0.959565089844107
13,4,1,1.29491043435966
14,-5,1,-3.13734330932325
14,-4,1,-2.83426269429734
14,-3,1,-1.35781225973745
14,-2,1,-1.42939470728431
14,-1,1,-1.94803425438196
14,0,1,-1.18134315937203
14,1,1,-0.0663942260198245
14,2,1,2.83654511155706
14,3,1,0.205071986601996
14,4,1,1.22349730840141
15,-5,1,-5.42558547394878
15,-4,1,-5.12683270800944
15,-3,1,-6.04670856195719
15,-2,1,-4.36715516341703
15,-1,1,-3.81103816294395
15,0,1,-3.58208312194774
15,1,1,-2.64699919379636
15,2,1,-2.9147896339969
15,3,1,-0.475485858901824
15,4,1,0.909732427543915
16,-5,1,-1.10880155709342
16,-4,1,-3.15799350574469
16,-3,1,-1.03137722472997
16,-2,1,-1.19441605621481
16,-1,1,-1.65784124745363
16,0,1,1.51853564517819
16,1,1,2.4196582147091
16,2,1,2.5113606515298
16,3,1,3.24515361118996
16,4,1,3.18663072912733
17,-5,1,-2.08683233080605
17,-4,1,-1.83054236626817
17,-3,1,-0.970297114655974
17,-2,1,0.270031382892668
17,-1,1,-2.77255810805027
17,0,1,-0.414676667945904
17,1,1,0.97832940328806
17,2,1,2.53174141967938
17,3,1,2.83885002255311
17,4,1,3.11001903512364
18,-5,1,-3.81235382371845
18,-4,1,-0.356486536148122
18,-3,1,-1.71690073011421
18,-2,1,0.526887240648416
18,-1,1,-1.98553375770611
18,0,1,-1.70764387274468
18,1,1,0.612775463114411
18,2,1,2.02863710911322
18,3,1,1.50654021698593
18,4,1,1.79723373247655
19,-5,1,-4.49346503393712
19,-4,1,-5.11034048463604
19,-3,1,-2.723081948962
19,-2,1,-2.318903703935
19,-1,1,-1.46054692940659
19,0,1,-0.746373566347834
19,1,1,-0.835262369351533
19,2,1,-0.790377711365422
19,3,1,0.642021879197336
19,4,1,2.02904424991556
20,-5,1,1.38995961255428
20,-4,1,1.09061257174325
20,-3,1,2.66477617192273
20,-2,1,-0.214146037957765
20,-1,1,1.97692502797001
20,0,1,5.22622289954886
20,1,1,2.65000565698494
20,2,1,3.1396547552233
20,3,1,6.02928806704478
20,4,1,6.14151947889305
21,-5,1,-8.0037185936076
21,-4,1,-4.92867499976079
21,-3,1,-5.52852270522762
21,-2,1,-4.72095665344444
21,-1,1,-5.15716382974163
21,0,1,-3.9234254999085
21,1,1,-4.70233474301511
21,2,1,-3.34110656095024
21,3,1,-1.50815986427441
21,4,1,-0.398234447215069
22,-5,1,-3.7943550384151
22,-4,1,-3.88540693272515
22,-3,1,-3.07780209686843
22,-2,1,-4.26808634123828
22,-1,1,-1.42672295856633
22,0,1,-1.27901549089087
22,1,1,-0.549273712041029
22,2,1,-0.433859284838851
22,3,1,0.705933784239344
22,4,1,1.44810172887628
23,-5,1,-3.13554331438563
23,-4,1,-2.35948663501121
23,-3,1,-1.88043817185328
23,-2,1,-2.58283094643802
23,-1,1,-0.843033589790522
23,0,1,-0.901971285719708
23,1,1,1.8276932714716
23,2,1,3.1685434162103
23,3,1,2.46821857127301
23,4,1,4.0870890529006
24,-5,1,0.101420543509842
24,-4,1,0.231108025030579
24,-3,1,0.927432015458402
24,-2,1,2.20337742768205
24,-1,1,1.00583111503007
24,0,1,1.99402740362396
24,1,1,3.87966312539804
24,2,1,4.44950118743676
24,3,1,3.49658890943982
24,4,1,6.56504242360619
25,-5,1,-1.85894023521834
25,-4,1,1.32616075876283
25,-3,1,0.37977473753358
25,-2,1,1.37176495622266
25,-1,1,1.12752801885667
25,0,1,0.259158169772953
25,1,1,2.15214735021522
25,2,1,2.93992688731618
25,3,1,2.32333343833045
25,4,1,4.57767430636001
26,-5,1,4.71267773810026
26,-4,1,2.31667816698238
26,-3,1,5.12786025682844
26,-2,1,2.53556952309887
26,-1,1,2.74809038185827
26,0,1,4.30012804878727
26,1,1,6.99230296517064
26,2,1,6.59844933589961
26,3,1,7.65074384201127
26,4,1,8.05514003147894
27,-5,1,-0.592730321943023
27,-4,1,-0.145350946719602
27,-3,1,-0.730381668292353
27,-2,1,0.193486464715951
27,-1,1,0.178913510667099
27,0,1,2.21669443443783
27,1,1,2.13856293334924
27,2,1,1.98847307468464
27,3,1,3.02963591669914
27,4,1,4.77580643916468
28,-5,1,-0.710587234852119
28,-4,1,-1.47537076181512
28,-3,1,-0.315614200584828
28,-2,1,1.71995631016498
28,-1,1,1.11324741941976
28,0,1,1.79739467121272
28,1,1,2.55171157078743
28,2,1,4.03636403844921
28,3,1,5.72128144212693
28,4,1,6.70960225864832
29,-5,1,-3.04029116631826
29,-4,1,-1.37128694901722
29,-3,1,-0.32342903924927
29,-2,1,-1.59479163491378
29,-1,1,0.299025176026422
29,0,1,-0.967382862972072
29,1,1,1.42993798457082
29,2,1,3.43386342026784
29,3,1,4.5831169521426
29,4,1,3.78098980855911
30,-5,1,-2.19972004789853
30,-4,1,-0.724399558524427
30,-3,1,-2.07139897423463
30,-2,1,0.623358650866346
30,-1,1,-0.826079456730298
30,0,1,-1.86940464629489
30,1,1,-0.0743304234726255
30,2,1,2.2271653551128
30,3,1,2.80290884692614
30,4,1,3.53844354477055
31,-5,1,0.381192854796152
31,-4,1,0.407692000991918
31,-3,1,1.24966085132239
31,-2,1,0.287283629121644
31,-1,1,2.61121367053634
31,0,1,-0.789473239670936
31,1,1,2.61629646995353
31,2,1,3.57136849092982
31,3,1,5.1214200505689
31,4,1,4.30224074162109
32,-5,1,-2.20485512404852
32,-4,1,-3.95845054290626
32,-3,1,-1.98515073646448
32,-2,1,-3.61527347996175
32,-1,1,-2.69080803589712
32,0,1,-1.50584413221254
32,1,1,0.631452959030813
32,2,1,1.17333633162333
32,3,1,0.645526828821028
32,4,1,2.68525221952759
33,-5,1,0.936622364856642
33,-4,1,0.29666300701696
33,-3,1,2.30318022119113
33,-2,1,0.979863550580837
33,-1,1,1.53811405467224
33,0,1,4.59478535813377
33,1,1,3.83585410277485
33,2,1,4.35566050742325
33,3,1,5.21523447163119
33,4,1,5.47170213681593
34,-5,1,-2.71748305970255
34,-4,1,-2.56796789580904
34,-3,1,-0.288822337293305
34,-2,1,-2.14339771368167
34,-1,1,-0.347406612448845
34,0,1,0.0306024889987591
34,1,1,1.02003998567155
34,2,1,1.66368564281099
34,3,1,3.68099825794779
34,4,1,3.08401353760653
35,-5,1,-1.60296270239608
35,-4,1,-2.27488201172762
35,-3,1,-2.2597119415985
35,-2,1,-2.19445318641739
35,-1,1,-0.168848662056098
35,0,1,1.85408239108991
35,1,1,1.61839247741922
35,2,1,2.49135454723511
35,3,1,3.50913108008636
35,4,1,3.79930045399552
36,-5,1,-5.34186046655634
36,-4,1,-3.85523870267674
36,-3,1,-2.61715758049745
36,-2,1,-2.36607606234553
36,-1,1,-0.562334404123327
36,0,1,-0.988942799892887
36,1,1,-1.81000161720748
36,2,1,0.305814824087723
36,3,1,2.39283628215899
36,4,1,1.41947270171988
37,-5,1,-1.52559294746501
37,-4,1,-1.20484172870663
37,-3,1,-1.65864120453709
37,-2,1,-0.482310385295472
37,-1,1,-0.112513507306097
37,0,1,-0.433106195863915
37,1,1,1.34888350126945
37,2,1,2.02566569515979
37,3,1,1.9975121808103
37,4,1,3.92390703479484
38,-5,1,-0.14409068101241
38,-4,1,-2.72292785772334
38,-3,1,-1.08500143208423
38,-2,1,-0.747435772597087
38,-1,1,-0.235697122113296
38,0,1,1.66986673444349
38,1,1,2.47603426209711
38,2,1,3.18718196196978
38,3,1,5.21986728939377
38,4,1,4.80740653490739
39,-5,1,2.43136919213025
39,-4,1,3.19318295770073
39,-3,1,1.48912617124066
39,-2,1,2.35321174236662
39,-1,1,3.34074683628575
39,0,1,4.47567740893411
39,1,1,6.6486722307702
39,2,1,5.79727917388148
39,3,1,9.14551921009879
39,4,1,6.68378619044231
40,-5,1,-0.139884216234721
40,-4,1,-1.79681795454903
40,-3,1,1.67253883479575
40,-2,1,1.19771761982374
40,-1,1,1.11576659958785
40,0,1,1.35129672328282
40,1,1,0.675919760856087
40,2,1,2.99881518673268
40,3,1,3.11119057775818
40,4,1,5.12226895684143
41,-5,1,1.0023271507827
41,-4,1,1.10275359489371
41,-3,1,-0.25612078951875
41,-2,1,1.51618984536853
41,-1,1,0.304293018240286
41,0,1,2.28239791687028
41,1,1,2.94241873408133
41,2,1,4.96046305706115
41,3,1,7.72083777905445
41,4,1,6.77659814296893
42,-5,1,-0.532716830213261
42,-4,1,-1.1541635230524
42,-3,1,-2.71410853094294
42,-2,1,-1.53130191287896
42,-1,1,-0.78286740585006
42,0,1,-1.2036329598679
42,1,1,1.32718693094987
42,2,1,1.30737796251459
42,3,1,2.61596459402984
42,4,1,4.61404989771276
43,-5,1,2.50288508603295
43,-4,1,2.0749402042524
43,-3,1,0.94475166498751
43,-2,1,1.79486790928292
43,-1,1,3.41426350074651
43,0,1,4.46666545612118
43,1,1,2.63093942809472
43,2,1,5.29490099957012
43,3,1,7.72128396686685
43,4,1,6.58260375538596
44,-5,1,1.3557598747246
44,-4,1,-0.761975203260415
44,-3,1,-0.868041086427133
44,-2,1,-0.930387562927432
44,-1,1,0.45763429387808
44,0,1,1.12189605435738
44,1,1,2.10556108777941
44,2,1,2.71864766409947
44,3,1,2.12380078431203
44,4,1,4.80371204620076
45,-5,1,-3.12356591488708
45,-4,1,-0.944315895552547
45,-3,1,-0.790963188966599
45,-2,1,-0.59264962407573
45,-1,1,0.11721690252266
45,0,1,0.867615118944328
45,1,1,2.16885347397118
45,2,1,2.3780461546699
45,3,1,4.4498969862589
45,4,1,2.22916242823854
46,-5,1,-2.7004374714131
46,-4,1,-1.80351125293756
46,-3,1,-1.13600435581121
46,-2,1,-1.17541730139058
46,-1,1,-1.16162847188415
46,0,1,0.942537082247427
46,1,1,0.884946338360147
46,2,1,-0.533951052266376
46,3,1,2.72692933737155
46,4,1,3.3266575711092
47,-5,1,-2.8153474876608
47,-4,1,-0.985581066269934
47,-3,1,-3.57454589032841
47,-2,1,0.340907411453483
47,-1,1,0.0218122115042018
47,0,1,0.446557318764219
47,1,1,0.787759524362921
47,2,1,4.39989257470604
47,3,1,1.33073330863186
47,4,1,3.37025342966295
48,-5,1,-3.53643547329689
48,-4,1,-1.2918908160596
48,-3,1,-2.87263948833372
48,-2,1,0.0626882469600996
48,-1,1,-0.249994212565998
48,0,1,0.0386782272717391
48,1,1,0.509651331471505
48,2,1,0.33282016370847
48,3,1,2.49948257326266
48,4,1,4.6923687330656
49,-5,1,0.22356914511368
49,-4,1,0.0868549208927017
49,-3,1,0.0154907310173992
49,-2,1,2.04282428529243
49,-1,1,1.49462948945528
49,0,1,2.6052047860558
49,1,1,3.07502339307185
49,2,1,3.8436779439575
49,3,1,3.42371468538523
49,4,1,3.02561383414792
50,-5,1,-3.0303808816952
50,-4,1,-3.34086674664353
50,-3,1,-1.77437609740315
50,-2,1,-3.9536888557522
50,-1,1,-1.52950105583709
50,0,1,-1.91491704199441
50,1,1,0.453639945965329
50,2,1,0.34534957722429
50,3,1,0.491725432966354
50,4,1,0.583383467739561
51,-5,1,-4.2852210772724
51,-4,1,-3.48620603850476
51,-3,1,-3.33796686211836
51,-2,1,-3.62185421116053
51,-1,1,-1.86778508317905
51,0,1,-2.8957940191916
51,1,1,-1.57376947330124
51,2,1,1.43578900774946
51,3,1,-0.378597326579395
51,4,1,1.92374977366222
52,-5,1,-3.56754965132884
52,-4,1,-2.12045601389697
52,-3,1,-0.15556464173144
52,-2,1,-0.595839408910719
52,-1,1,0.403601281438317
52,0,1,2.20700926369921
52,1,1,-0.0921734263311463
52,2,1,0.403529098581775
52,3,1,3.53093325778982
52,4,1,1.99648826119751
53,-5,1,0.30656520493148
53,-4,1,-0.363405319933224
53,-3,1,-0.516491605448855
53,-2,1,0.879954155175291
53,-1,1,0.141633788747581
53,0,1,3.31989859254452
53,1,1,1.72193386076503
53,2,1,2.04999869078905
53,3,1,5.05441416243023
53,4,1,5.38093032015344
54,-5,1,-3.85070241248371
54,-4,1,-3.33444970743005
54,-3,1,-4.7338753864139
54,-2,1,-3.90955151886404
54,-1,1,-4.44822076378744
54,0,1,-0.678403337083258
54,1,1,-2.41912405863413
54,2,1,-0.171670389324882
54,3,1,1.26668169257773
54,4,1,0.0490916196086619
55,-5,1,-3.35071866726186
55,-4,1,-0.233963341995072
55,-3,1,-3.50477874668666
55,-2,1,-2.89696238733722
55,-1,1,-1.58201978307795
55,0,1,-0.155094525363771
55,1,1,1.8383594765766
55,2,1,1.96180950822162
55,3,1,3.26018447347924
55,4,1,2.84910535453027
56,-5,1,-0.702171146634084
56,-4,1,-2.78115505717599
56,-3,1,-2.53246406945072
56,-2,1,-1.42302972706189
56,-1,1,-1.42756472766518
56,0,1,-2.20462671070047
56,1,1,-0.687332247148696
56,2,1,0.926239840621373
56,3,1,1.27541763579035
56,4,1,0.5465617262382
57,-5,1,-1.23929793841574
57,-4,1,-1.29118544344148
57,-3,1,-3.46885978118528
57,-2,1,-2.39403098895795
57,-1,1,-1.0628371440908
57,0,1,-0.526540204511233
57,1,1,0.477364235481559
57,2,1,1.13116201751085
57,3,1,2.70484924437194
57,4,1,2.37203578925671
58,-5,1,-3.41654457906775
58,-4,1,-4.20599721325286
58,-3,1,-2.35715194467814
58,-2,1,-2.11107707136141
58,-1,1,-2.64888662661473
58,0,1,-2.89402927159699
58,1,1,0.184677990545477
58,2,1,0.0647982488657042
58,3,1,1.63530691496864
58,4,1,2.1621942523074
59,-5,1,-2.77078784995595
59,-4,1,-1.42576633043507
59,-3,1,-2.37217875820314
59,-2,1,-2.37109099850224
59,-1,1,-2.64529081338115
59,0,1,-0.868130463493652
59,1,1,-0.706639245380112
59,2,1,2.39449215595528
59,3,1,0.838209858109399
59,4,1,0.289322900794912
60,-5,1,-2.80769827412974
60,-4,1,-3.25534613844884
60,-3,1,-2.87463495496478
60,-2,1,-0.671740856350496
60,-1,1,-2.85253931922519
60,0,1,-0.650832312605711
60,1,1,0.142791571985288
60,2,1,-1.42947865243738
60,3,1,2.27926633835922
60,4,1,0.856739270322811
61,-5,0,-1.21081435608091
61,-4,0,-0.355408714352001
61,-3,0,-1.02045461891777
61,-2,0,-0.166988164442205
61,-1,0,1.1548557138731
61,0,0,-0.17543529130711
61,1,0,-0.671439067887051
61,2,0,1.03652265638859
61,3,0,1.97380248613296
61,4,0,2.1660956639737
62,-5,0,-5.08057460583396
62,-4,0,-3.20841923439162
62,-3,0,-4.05197512962498
62,-2,0,-3.33783150710009
62,-1,0,-2.35956242348348
62,0,0,-1.63760996105567
62,1,0,-2.60648115354343
62,2,0,-0.746898815624299
62,3,0,-1.81885912233561
62,4,0,1.4811230905063
63,-5,0,-1.85238488390513
63,-4,0,0.180517609444524
63,-3,0,2.65816278713048
63,-2,0,-0.808191494936482
63,-1,0,1.66184701865131
63,0,0,3.5803793672403
63,1,0,1.63151992103383
63,2,0,3.32284033939091
63,3,0,0.546697326746471
63,4,0,3.96903918261814
64,-5,0,-4.53798263549691
64,-4,0,-3.93713979855057
64,-3,0,-2.59585108632375
64,-2,0,-3.25808076744377
64,-1,0,-2.92871800639687
64,0,0,-3.23888871041325
64,1,0,0.0873728464309915
64,2,0,-1.61759677316661
64,3,0,-1.75591514698166
64,4,0,-1.77681632519851
65,-5,0,-0.536980468630638
65,-4,0,-0.0543975918503388
65,-3,0,-1.77227264448694
65,-2,0,1.86714633881894
65,-1,0,0.877061219448535
65,0,0,-0.401966098459255
65,1,0,-1.15511571209676
65,2,0,0.20176359641768
65,3,0,0.173654806019121
65,4,0,1.26424392071763
66,-5,0,-3.15304316234422
66,-4,0,-4.30199018857865
66,-3,0,-3.63077897571519
66,-2,0,-3.1009862868414
66,-1,0,-5.37458583113625
66,0,0,-2.19971902178371
66,1,0,-3.96654126304905
66,2,0,-3.75296173742495
66,3,0,-2.0885384693973
66,4,0,-0.668750138038061
67,-5,0,-5.4236267093559
67,-4,0,-2.31562242969426
67,-3,0,-2.1248239996287
67,-2,0,-2.71947846173274
67,-1,0,-1.16035234454055
67,0,0,-2.02752612533385
67,1,0,-0.553227565611592
67,2,0,-2.84270810010071
67,3,0,-1.96918888132232
67,4,0,-0.258952290441263
68,-5,0,-5.40247704739729
68,-4,0,-7.84292194260825
68,-3,0,-5.95287332855245
68,-2,0,-4.11410189845052
68,-1,0,-5.29108535587513
68,0,0,-4.20833390987402
68,1,0,-3.6198445141306
68,2,0,-4.03212198160037
68,3,0,-4.13731484002765
68,4,0,-2.68789860082782
69,-5,0,-1.39581209290355
69,-4,0,-1.13152754465687
69,-3,0,-1.67055317958883
69,-2,0,-1.99074103191747
69,-1,0,-1.70466781128848
69,0,0,0.23721439279021
69,1,0,1.59718262009398
69,2,0,1.13792493822391
69,3,0,-0.769120394791486
69,4,0,1.13774545836872
70,-5,0,-4.41149891832389
70,-4,0,-5.54045826742859
70,-3,0,-4.34757635223516
70,-2,0,-4.71572795855267
70,-1,0,-4.50324396514691
70,0,0,-3.37500034699242
70,1,0,-1.1061762315481
70,2,0,-1.5218911904481
70,3,0,0.495197417897491
70,4,0,-2.94166162119127
71,-5,0,-4.65354317783406
71,-4,0,-4.84240419215253
71,-3,0,-3.42461069596665
71,-2,0,-3.70154041226919
71,-1,0,-4.00075577999381
71,0,0,-3.32022349255496
71,1,0,-3.06527663147356
71,2,0,-2.95210386508232
71,3,0,-3.13587468148744
71,4,0,-1.43113463871419
72,-5,0,-1.26855876588596
72,-4,0,-3.039436226028
72,-3,0,-0.989645547029012
72,-2,0,-1.64442358588688
72,-1,0,-1.3675019495512
72,0,0,-1.02548024320696
72,1,0,0.620987321076023
72,2,0,-0.645504682259749
72,3,0,0.3499843797825
72,4,0,-0.0998319837321218
73,-5,0,-0.802936552314861
73,-4,0,-0.758165429476151
73,-3,0,-3.32952307950104
73,-2,0,-2.50934765996511
73,-1,0,-1.32589201343007
73,0,0,-0.499385562618178
73,1,0,-0.0538408843550869
73,2,0,0.486958797938035
73,3,0,1.62128944301767
73,4,0,0.694275671953027
74,-5,0,-7.11313491479498
74,-4,0,-6.542795698863
74,-3,0,-3.27901752081996
74,-2,0,-4.01070582635384
74,-1,0,-4.66327366085954
74,0,0,-5.96544806181338
74,1,0,-4.22369284532991
74,2,0,-2.58688037197321
74,3,0,-3.89840991810201
74,4,0,-2.71453896997814
75,-5,0,-4.7538036373617
75,-4,0,-3.26092741554518
75,-3,0,-3.91049797797066
75,-2,0,-2.58413846481905
75,-1,0,-3.63582396200625
75,0,0,-2.91329897699088
75,1,0,-0.753557988121335
75,2,0,-1.24771757631175
75,3,0,-1.73532056117439
75,4,0,-1.21485078595028
76,-5,0,-4.36224708612751
76,-4,0,-1.10804149547786
76,-3,0,-0.933354938118756
76,-2,0,-1.58950035901218
76,-1,0,-0.341572725518122
76,0,0,0.47271063138088
76,1,0,-0.223051131473667
76,2,0,2.03090055555245
76,3,0,2.13918083039797
76,4,0,0.914955291954074
77,-5,0,-3.5890150878536
77,-4,0,-2.80040946123384
77,-3,0,-0.368393023001308
77,-2,0,-3.05106559512779
77,-1,0,-3.07079506208797
77,0,0,-2.95977206474887
77,1,0,-1.10946719599893
77,2,0,-0.599293965736183
77,3,0,-0.403144671933273
77,4,0,0.812384073831157
78,-5,0,0.611147032719028
78,-4,0,1.2243913842636
78,-3,0,-0.179269539237512
78,-2,0,0.182418386522218
78,-1,0,-0.188346236636801
78,0,0,1.58098764328274
78,1,0,3.26122824319528
78,2,0,1.25528989070261
78,3,0,2.89380199715589
78,4,0,0.617541960422876
79,-5,0,-1.63386845832445
79,-4,0,-2.92538621269983
79,-3,0,-2.4521201843975
79,-2,0,-1.73106691263991
79,-1,0,-2.4821453080649
79,0,0,0.961520250204189
79,1,0,-0.529974572141266
79,2,0,-1.21612640590714
79,3,0,0.647534229920755
79,4,0,1.77138633638371
80,-5,0,-2.39315327999626
80,-4,0,-2.95054622314904
80,-3,0,-0.27392299630589
80,-2,0,0.472076499836162
80,-1,0,-2.46711857197736
80,0,0,-0.983920640356782
80,1,0,0.0253631201099798
80,2,0,-0.124524389909823
80,3,0,1.5651359434789
80,4,0,0.553806188342072
81,-5,0,-0.384558007876869
81,-4,0,-0.688271494543664
81,-3,0,-0.00672253960996627
81,-2,0,-0.120416690035409
81,-1,0,1.75402362687938
81,0,0,1.96380205688418
81,1,0,2.56273508147412
81,2,0,2.68413105469189
81,3,0,2.17499455444727
81,4,0,5.60136762143227
82,-5,0,-3.68970426113619
82,-4,0,-1.36333541236371
82,-3,0,-0.0824090862220608
82,-2,0,0.228464777164868
82,-1,0,0.290647736204377
82,0,0,0.220400973484369
82,1,0,0.559110660393604
82,2,0,0.165305439889918
82,3,0,0.388630702717884
82,4,0,1.36087078048961
83,-5,0,-0.629179954085393
83,-4,0,-2.37048004148392
83,-3,0,-2.45783755327119
83,-2,0,-0.522446581264643
83,-1,0,1.29914780729956
83,0,0,-2.16784937718944
83,1,0,2.43578509293895
83,2,0,1.49722171158695
83,3,0,0.493079428256017
83,4,0,-0.912441229160647
84,-5,0,-1.7737247184664
84,-4,0,-2.74471174431642
84,-3,0,-2.75263836025887
84,-2,0,-1.60871441927817
84,-1,0,-2.2447223436419
84,0,0,-1.45362195520977
84,1,0,-2.01716140103654
84,2,0,-0.310570759277305
84,3,0,1.32694475891247
84,4,0,0.118112142404772
85,-5,0,1.62335749584931
85,-4,0,1.18266007107371
85,-3,0,0.585023927212615
85,-2,0,0.513453247240508
85,-1,0,1.78037461755732
85,0,0,0.0570181629182724
85,1,0,1.3804129797021
85,2,0,3.7101801469502
85,3,0,3.7349783349855
85,4,0,4.07166769322391
86,-5,0,-0.747668445183037
86,-4,0,-0.633161208022103
86,-3,0,-0.592357307106003
86,-2,0,0.0086399253493874
86,-1,0,0.944383092651684
86,0,0,-0.332382461182785
86,1,0,-0.342227334745795
86,2,0,-0.528754330057307
86,3,0,0.294154706209852
86,4,0,0.202389085630803
87,-5,0,-4.99482291987918
87,-4,0,-5.07517659706416
87,-3,0,-3.25142177342918
87,-2,0,-4.63313932852737
87,-1,0,-3.42055297479665
87,0,0,-2.64619601572563
87,1,0,-3.1331024531642
87,2,0,-2.25657666751413
87,3,0,-3.79163344777975
87,4,0,-2.38050025170482
88,-5,0,-1.56595354087734
88,-4,0,-0.817290396415693
88,-3,0,-0.124440576649514
88,-2,0,0.92543761943469
88,-1,0,1.18371465874585
88,0,0,1.13886098863643
88,1,0,2.20260995263882
88,2,0,2.09169031815085
88,3,0,2.79695523385841
88,4,0,2.55650658880198
89,-5,0,-1.40672726675637
89,-4,0,0.795227301158817
89,-3,0,0.517849672417366
89,-2,0,0.210498625602293
89,-1,0,0.696831888306625
89,0,0,0.771594964922739
89,1,0,1.15281860097412
89,2,0,1.52372912906356
89,3,0,3.80154848868175
89,4,0,3.50564053308632
90,-5,0,-1.83385068573433
90,-4,0,-0.35626150222937
90,-3,0,-0.335375561284051
90,-2,0,0.430050400828452
90,-1,0,0.625238258104494
90,0,0,1.65979473355419
90,1,0,1.50349419465312
90,2,0,2.57615344830754
90,3,0,1.45956045873384
90,4,0,3.51548620200408
91,-5,0,0.873156575792531
91,-4,0,2.68820277529079
91,-3,0,2.0278662466475
91,-2,0,3.92292074790794
91,-1,0,2.61596335615493
91,0,0,2.40890370781483
91,1,0,2.4166265824943
91,2,0,3.82081171700735
91,3,0,4.36132938340408
91,4,0,5.94764843671204
92,-5,0,-4.14765110795428
92,-4,0,-3.26851494501502
92,-3,0,-3.3155195759929
92,-2,0,-2.45454314132848
92,-1,0,-2.23469220692208
92,0,0,-3.55991264614898
92,1,0,-0.999047407910361
92,2,0,-0.618274918457859
92,3,0,-1.80537446017445
92,4,0,-0.783256687545547
93,-5,0,-4.49799699710714
93,-4,0,-6.48563342961777
93,-3,0,-3.27367348250803
93,-2,0,-4.67103645180583
93,-1,0,-4.03498945843284
93,0,0,-0.980632564377608
93,1,0,-3.80236879416558
93,2,0,-2.71439130020125
93,3,0,-3.31395780786255
93,4,0,-3.08404317101914
94,-5,0,-0.480066968201637
94,-4,0,-0.164853004792098
94,-3,0,-1.54492428124407
94,-2,0,-1.51414737714419
94,-1,0,1.02747640216758
94,0,0,0.12983185865288
94,1,0,0.540652066694864
94,2,0,0.651815931090044
94,3,0,0.825976339216898
94,4,0,0.627135034504279
95,-5,0,-0.96818225342087
95,-4,0,0.444556995267442
95,-3,0,-0.403337403587414
95,-2,0,0.251930946232121
95,-1,0,0.783035365208748
95,0,0,0.611870629752222
95,1,0,1.64792410008746
95,2,0,1.94847938467537
95,3,0,1.64690022126318
95,4,0,1.85604029101927
96,-5,0,0.503821261770299
96,-4,0,1.68563824873695
96,-3,0,-0.953601195815857
96,-2,0,0.244045291537222
96,-1,0,-0.130437259161341
96,0,0,1.45218782438767
96,1,0,2.00154600480277
96,2,0,2.4878092811421
96,3,0,1.78780860001485
96,4,0,3.83157928695879
97,-5,0,-0.639498206669272
97,-4,0,0.922080303573761
97,-3,0,0.764374764018872
97,-2,0,0.596645192719766
97,-1,0,1.04356285459152
97,0,0,0.571348155564346
97,1,0,1.49848323235824
97,2,0,1.82302351319056
97,3,0,2.23812760116011
97,4,0,2.59922149330294
98,-5,0,-2.91360829924729
98,-4,0,-2.78376472512435
98,-3,0,-1.60305015924276
98,-2,0,-3.0561908906531
98,-1,0,-2.13159256890624
98,0,0,-0.704317399697893
98,1,0,0.0263352803765498
98,2,0,-0.436085478547241
98,3,0,0.235888298131315
98,4,0,1.3565398798216
99,-5,0,-1.54227321678572
99,-4,0,-1.70480872348226
99,-3,0,-1.30652257946479
99,-2,0,-2.14473912653287
99,-1,0,-0.824773736414068
99,0,0,1.34919080623228
99,1,0,-1.77179638097053
99,2,0,-1.14609059322754
99,3,0,-0.351297403657415
99,4,0,1.60831495736688
100,-5,0,2.00368632972579
100,-4,0,1.94200725952194
100,-3,0,1.20167471504406
100,-2,0,2.84509383838555
100,-1,0,4.15797260013458
100,0,0,4.98837406145365
100,1,0,5.32076952124222
100,2,0,2.80606705322606
100,3,0,3.98770878287856
100,4,0,5.68833660463412
101,-5,0,1.72495864677112
101,-4,0,0.343802732747329
101,-3,0,2.25012376475935
101,-2,0,3.236184335722
101,-1,0,1.75496408331514
101,0,0,3.61267746120436
101,1,0,3.85771877567954
101,2,0,1.97721007906802
101,3,0,5.38490776027853
101,4,0,4.06441847985667
102,-5,0,-4.63120053616816
102,-4,0,-3.50627311216686
102,-3,0,-3.24129143101755
102,-2,0,-4.94173050854762
102,-1,0,-1.97147648259039
102,0,0,-3.3442179737967
102,1,0,-1.1227851598555
102,2,0,-1.5674015375408
102,3,0,-1.04339136599916
102,4,0,-0.806999021079161
103,-5,0,-0.615387591107889
103,-4,0,-0.1598252878963
103,-3,0,1.89009000204368
103,-2,0,-0.866233323964238
103,-1,0,-0.898492411725982
103,0,0,3.38963859963075
103,1,0,2.70150846963789
103,2,0,3.71191238647569
103,3,0,1.13459948185729
103,4,0,2.23017319556119
104,-5,0,-4.40220206138419
104,-4,0,-2.20556369172845
104,-3,0,-4.78588043108493
104,-2,0,-3.90912847938427
104,-1,0,-3.40857741447717
104,0,0,-2.475352446793
104,1,0,-2.94523510620458
104,2,0,-2.60005718757942
104,3,0,-2.43685650599634
104,4,0,-0.457826664911669
105,-5,0,-1.68367730295526
105,-4,0,0.780618931883983
105,-3,0,-0.409312687371543
105,-2,0,-1.45483110693599
105,-1,0,-0.576627511222717
105,0,0,-1.23728710086594
105,1,0,-1.1205205182532
105,2,0,-0.58328735116589
105,3,0,1.00103673190919
105,4,0,0.765467911562761
106,-5,0,-4.27385858072904
106,-4,0,-1.37090787282083
106,-3,0,-1.05786013479713
106,-2,0,-1.20286326614601
106,-1,0,-1.23131738338381
106,0,0,-1.41149043606422
106,1,0,-0.00540043277402763
106,2,0,-0.648315879961221
106,3,0,1.32922180707282
106,4,0,2.57186234469469
107,-5,0,-4.40978810733336
107,-4,0,-3.90463310350091
107,-3,0,-1.72262721394283
107,-2,0,-3.14807695425706
107,-1,0,-1.76296110130081
107,0,0,-1.48237689425467
107,1,0,-2.44385088998339
107,2,0,-2.26439211120783
107,3,0,-1.30892762464657
107,4,0,-0.440247966229294
108,-5,0,-5.05361221416653
108,-4,0,-6.35316903261028
108,-3,0,-4.45211749399325
108,-2,0,-2.96623323859804
108,-1,0,-3.66612544780356
108,0,0,-2.8589718549293
108,1,0,-2.14276178451774
108,2,0,-4.09237823441237
108,3,0,-4.64313700284045
108,4,0,-0.163373056633757
109,-5,0,3.43889147861395
109,-4,0,3.34271007685878
109,-3,0,3.54984528063316
109,-2,0,2.39179674190316
109,-1,0,3.43481313749935
109,0,0,5.0163263989409
109,1,0,3.10959524927914
109,2,0,3.34670015805013
109,3,0,4.39336572841072
109,4,0,4.04106983959799
110,-5,0,-1.39494594060947
110,-4,0,-2.04966246487422
110,-3,0,-0.357414585344094
110,-2,0,-2.25325370535789
110,-1,0,-1.86456550625908
110,0,0,-0.875072023560474
110,1,0,-0.580162098216026
110,2,0,0.449675484419964
110,3,0,1.31347593539072
110,4,0,0.239934837337533
111,-5,0,-2.58069578379503
111,-4,0,-0.439317311509113
111,-3,0,-3.6395809585691
111,-2,0,-1.6561874259531
111,-1,0,-0.724251779616202
111,0,0,-1.3360452123291
111,1,0,-1.28281278802228
111,2,0,-0.812506772282884
111,3,0,0.472190912938373
111,4,0,-0.189672372968433
112,-5,0,-3.16421347811548
112,-4,0,-1.50871080839193
112,-3,0,-2.48838102307681
112,-2,0,-1.15192094306264
112,-1,0,-1.46854943738761
112,0,0,0.227336279905412
112,1,0,-2.318871164585
112,2,0,-0.107846676721748
112,3,0,0.418754668859607
112,4,0,1.19115057029771
113,-5,0,-2.40143889062738
113,-4,0,-2.71573612340298
113,-3,0,-1.29761762670621
113,-2,0,-2.81686502400612
113,-1,0,-2.88951380735003
113,0,0,-0.712826026587097
113,1,0,-1.93141078337703
113,2,0,-2.5150368844894
113,3,0,-0.797838240569791
113,4,0,-0.427165941878037
114,-5,0,0.392186903840695
114,-4,0,-0.295109372478541
114,-3,0,0.578576431053986
114,-2,0,-0.30971099943648
114,-1,0,0.460768586138878
114,0,0,0.846275213723894
114,1,0,1.99967444671701
114,2,0,3.94733201851126
114,3,0,3.77533211277402
114,4,0,2.27090233855529
115,-5,0,0.186953883734353
115,-4,0,-1.60588458792108
115,-3,0,2.008808286523
115,-2,0,2.33138516762331
115,-1,0,2.12078713001168
115,0,0,3.77027430382911
115,1,0,1.36777536607573
115,2,0,3.40395124708006
115,3,0,3.15767574746479
115,4,0,4.94839651835636
116,-5,0,0.479448682641886
116,-4,0,-0.622694303458047
116,-3,0,2.32067977646769
116,-2,0,-1.82460353669785
116,-1,0,-0.624394769933925
116,0,0,2.33920318171897
116,1,0,-0.444389879937706
116,2,0,-0.635505029182226
116,3,0,2.11045314651622
116,4,0,2.31221797927516
117,-5,0,-0.503489054894807
117,-4,0,-0.779831677130022
117,-3,0,-0.356665984889486
117,-2,0,-1.85329236600754
117,-1,0,-0.663617199310132
117,0,0,1.76044947412013
117,1,0,1.19186200696523
117,2,0,2.09602382412172
117,3,0,3.02934105483902
117,4,0,4.23935123158549
118,-5,0,-1.34145293443833
118,-4,0,-1.38962242399759
118,-3,0,0.149728948284
118,-2,0,-0.56743644589549
118,-1,0,1.41660101226591
118,0,0,1.06974509793081
118,1,0,0.329090592118225
118,2,0,0.865435065514116
118,3,0,-0.128201003192074
118,4,0,3.52458417746415
119,-5,0,0.656628950209711
119,-4,0,0.98245114492532
119,-3,0,0.326218386259526
119,-2,0,1.1286482041337
119,-1,0,1.65591155694277
119,0,0,1.1415019693321
119,1,0,-0.0707055977887925
119,2,0,0.164668165668658
119,3,0,3.85150548746759
119,4,0,2.59497881800948
120,-5,0,-1.7690954673048
120,-4,0,-0.356038838276528
120,-3,0,-0.384037992445333
120,-2,0,-2.04507220413793
120,-1,0,-0.861299215748822
120,0,0,-0.222274373930395
120,1,0,-0.229611888185374
120,2,0,0.315953952943401
120,3,0,1.33990711680985
120,4,0,-1.15998703675113
